seq,world_idx,filename,x,y,z,yaw,pitch,roll
0,1,1724555924,-0.00035757285181863,0.0309204728606544,-0.00100212206524695,0.0309204728606544,0.00771714119556802,-1.50599414311372E-05
1,1,1724555933,0.0424537429210218,0.034211846432968,-0.00100400380657233,0.034211846432968,0.0077458535619506,-1.49966971731565E-05
2,1,1724555944,0.65698305568082,0.0780879447477312,-0.00100395265134151,0.0780879447477312,0.00774504588484916,-1.55664280261072E-05
3,1,1724555962,1.68029837267334,0.360007301093532,-0.00100101395269685,0.360007301093532,0.00770386785347718,6.00543298721695E-06
4,1,1724555979,2.54337426873052,0.441809851060869,-0.00100350220720829,0.441809851060869,0.00773642789980034,-2.9954515019766E-05
5,1,1724555996,3.47414511302881,0.271032591644734,-0.00100376191652982,0.271032591644734,0.0077424200572141,-1.36336536432187E-05
6,1,1724556012,3.8639500124611,0.0538367271499142,-0.00100311431405518,0.0538367271499142,0.00773321653122566,-9.81080279162502E-06
7,1,1724556029,4.24871607212379,-0.156342510304764,-0.00100268943205985,-0.156342510304764,0.00772220871210833,-3.95490281810658E-05
8,1,1724556045,4.70211523774429,-0.556230690776454,-0.00100297112581379,-0.556230690776454,0.0077307365227197,-1.15898572958439E-05
9,1,1724556062,5.14859140577741,-1.50269816255812,-0.001003041232041,-1.50269816255812,0.0077317852110498,-1.19263573788767E-05
10,1,1724556078,5.06323852280596,-2.02477713427094,-0.00100431946083334,-2.02477713427094,0.00774992408241056,-2.28897494720049E-05
11,1,1724556095,4.81633065708567,-1.42756442061859,-0.00100372772091546,-1.42756442061859,0.00773985123571562,-2.70839280434854E-05
12,1,1724556110,5.30050689214986,-0.231976688938901,-0.00100219826690477,-0.231976688938901,0.00771809786677359,-1.67521722597216E-05
13,1,1724556127,6.3130901246832,-0.312936976740886,-0.00100321826518542,-0.312936976740886,0.00773325573604834,-1.91663163479948E-05
14,1,1724556144,7.31180588379868,-0.141099949224835,-0.00100372472463167,-0.141099949224835,0.00773975866466635,-2.72131923462919E-05
15,1,1724556161,7.97880588750507,0.168833094884712,-0.00100210080076121,0.168833094884712,0.00771737638144935,-1.19138139919021E-05
16,1,1724556178,8.63145410161378,0.804324876965262,-0.00100368662661646,0.804324876965262,0.00773957916251429,-2.41196818998382E-05
17,1,1724556195,8.80247932840378,2.02048143648159,-0.00100235431068266,2.02048143648159,0.00772139073312326,-1.08904358577153E-05
18,1,1724556212,7.96495879517488,2.66726307916877,-0.0010028170552358,2.66726307916877,0.00772741276375395,-1.80333891333915E-05
19,1,1724556228,6.96204170797077,3.06679240861565,-0.00100387269092818,3.06679240861565,0.00774298567312889,-2.17800995507411E-05
20,1,1724556245,6.27952362154411,3.03944438456808,-0.00100273886090023,3.03944438456808,0.00772527136468438,-2.36148276418502E-05
21,1,1724556262,5.68143195623906,2.49518864487604,-0.0010038213042693,2.49518864487604,0.00774151406543008,-2.70382171874769E-05
22,1,1724556278,5.57815265290992,0.93741934523595,-0.00100436170558292,0.93741934523595,0.00775090974646716,-1.98268505365922E-05
23,1,1724556295,5.96916420882681,0.459642109269622,-0.000999701652364946,0.459642109269622,0.00768689891119836,2.64865594961867E-05
24,1,1724556312,6.06355861905324,0.424247264585032,-0.00100293762694291,0.424247264585032,0.00772732998554998,-3.08620222868691E-05
25,1,1724556329,6.91004424665051,0.323735025964835,-0.00100372140202371,0.323735025964835,0.0077408146881292,-2.02427081242242E-05
26,1,1724556346,8.1787333672176,0.433377234090238,-0.00100257646664608,0.433377234090238,0.00772224898672947,-2.74638890630311E-05
27,1,1724556363,8.5068484600913,1.2505541933023,-0.00100314626088095,1.2505541933023,0.007732534990051,-1.74553655059831E-05
28,1,1724556380,8.9536660258861,1.44741620537675,-0.00100241348999866,1.44741620537675,0.00772066823592138,-2.13717489757609E-05
29,1,1724556397,8.76201003902911,1.78516159142467,-0.00100321372466287,1.78516159142467,0.00773297903759145,-2.10094215987659E-05
30,1,1724556414,8.25246952751539,2.39985253749163,-0.00100315663062268,2.39985253749163,0.00773297677379635,-1.53030296889015E-05
31,1,1724556431,7.50538320041046,2.5865353986004,-0.00100247730100261,2.5865353986004,0.0077217350784892,-2.06742769266025E-05
32,1,1724556449,6.65060712741176,-2.33985718019091,-0.00100293043919026,-2.33985718019091,0.00773004934922043,-1.57255817840126E-05
33,1,1724556466,6.23031957298427,-1.17149342248149,-0.00100273256030985,-1.17149342248149,0.00772672552077982,-1.39829057758038E-05
34,1,1724556483,6.94912156895295,-0.397044155381602,-0.00100420989531855,-0.397044155381602,0.00774727244148297,-2.60816167973774E-05
35,1,1724556500,7.62267578792468,-0.814129825962502,-0.00100336741743286,-0.814129825962502,0.00773445611147976,-2.6593305905607E-05
36,1,1724556517,8.26735387551176,-0.981369085484078,-0.00100349239505613,-0.981369085484078,0.0077387858586318,-1.06212939252183E-05
37,1,1724556535,8.62600588944385,-1.36977332913988,-0.000999905826512538,-1.36977332913988,0.00767369469430569,-6.41608805467854E-05
38,1,1724556552,9.35509366322318,-0.219954717758994,-0.00100231861521257,-0.219954717758994,0.00771944411556651,-1.99498007192528E-05
39,1,1724556569,10.786338229814,0.638850048184989,-0.00100289123554727,0.638850048184989,0.00772979945135709,-9.11726711786296E-06
40,1,1724556586,13.5177731938658,-0.0306672079887081,-0.00100351313945928,-0.0306672079887081,0.00773639818487114,-2.81617293015107E-05
41,1,1724556602,16.252871124297,0.783881407689486,-0.00100323584939108,0.783881407689486,0.00773458135863183,-1.24075690905068E-05
42,1,1724556619,17.748717715941,-0.0983484243896564,-0.00100404454786954,-0.0983484243896564,0.0077455387459259,-2.12948068153281E-05
43,1,1724556635,18.8596522502106,-1.76666648021164,-0.000998690608925781,-1.76666648021164,0.00767307418548034,4.91127096610455E-05
44,1,1724556651,18.0350798876849,-2.99024470897321,-0.00100243098360961,-2.99024470897321,0.00772131514804509,-1.8760783070791E-05
45,1,1724556667,17.03516743831,3.10879574955174,-0.00100302269490014,3.10879574955174,0.00772909637066045,-2.69878861846464E-05
46,1,1724556684,15.9292125689141,2.93131200844078,-0.00100256889001703,2.93131200844078,0.00772375613914134,-1.65842550955503E-05
47,1,1724556700,13.8833655300132,2.99440351533648,-0.00100354935142858,2.99440351533648,0.00773548731587664,-3.75766692511524E-05
48,1,1724556716,11.766512129543,2.97010973134959,-0.00100261567418509,2.97010973134959,0.00772542074867383,-1.03761992634602E-05
49,1,1724556733,11.4934505530975,-2.51222752634011,-0.0010023697473606,-2.51222752634011,0.00772122208757866,-1.36736591673358E-05
50,1,1724556750,10.7940857590917,-2.54650961092277,-0.00100437192750818,-2.54650961092277,0.00774814325259617,-3.63210096178312E-05
51,1,1724556767,10.3298395043541,-2.73285547707454,-0.00100350557455008,-2.73285547707454,0.00773554319132608,-3.32835105504213E-05
52,1,1724556784,9.73015366854175,-2.70529882332233,-0.00100319206946249,-2.70529882332233,0.00773155038182986,-2.81837222316163E-05
53,1,1724556800,8.95485574196452,-2.9642027948921,-0.00100398235549908,-2.9642027948921,0.00774498955250724,-1.86761776302577E-05
54,1,1724556816,7.72295529708696,-3.04285473900126,-0.00100439074016762,-3.04285473900126,0.00775138906160147,-1.85504935169644E-05
55,1,1724556833,6.47657662333864,2.88147151586599,-0.00100420900154475,2.88147151586599,0.00774847093070024,-1.82875856948024E-05
56,1,1724556849,5.28396659767678,2.94048905417068,-0.00100207485360557,2.94048905417068,0.00771596013021973,-2.16591938834003E-05
57,1,1724556866,4.39581140127721,-2.98876630555835,-0.00100346404914726,-2.98876630555835,0.00773649688181341,-2.36144194461272E-05
58,1,1724556882,3.5421697610511,-2.83484069403212,-0.000901502185054529,-2.83484069403212,0.00634571667478683,0.00102963435653836
59,1,1724556899,2.42970887130063,-2.58334311380174,-0.00100328447152543,-2.58334311380174,0.00773384822351686,-2.39630677992126E-05
60,1,1724556915,1.06466300451979,-2.57030031291869,-0.00100248730958876,-2.57030031291869,0.0077221894603592,-1.87011228639068E-05
61,1,1724556931,0.235710332967507,-2.20934991766822,-0.00100246236089271,-2.20934991766822,0.00772213321796545,-1.73061540591102E-05
62,1,1724556948,-0.307906264377859,-2.06123403876043,-0.00100251467320583,-2.06123403876043,0.00772222744614412,-2.11227202133489E-05
63,1,1724556964,-0.834609334660645,-2.10534925423852,-0.00100428720437942,-2.10534925423852,0.00774816878451718,-2.60149670643214E-05
64,1,1724556981,-1.44777586001385,-2.1636103125856,-0.00100419431193998,-2.1636103125856,0.00774761055932933,-2.06704861589217E-05
65,1,1724556998,-1.9939976286204,-2.67209680702428,-0.00100253004232335,-2.67209680702428,0.00772085127345792,-3.252661570093E-05
66,1,1724557014,-2.57452851649431,2.40759774509774,-0.00100339672349276,2.40759774509774,0.0077323583970327,-4.31074457041774E-05
67,1,1724557031,-3.07013240873015,2.63337028978789,-0.00100299915688859,2.63337028978789,0.00772840484709801,-2.90779001814125E-05
68,1,1724557046,-4.07296063203809,2.26363721193877,-0.00100289696659258,2.26363721193877,0.00772700656095903,-2.84825968244856E-05
69,1,1724557063,-4.6444530999108,2.23071871029764,-0.00100241161317043,2.23071871029764,0.00771944748470141,-3.01337037828501E-05
70,1,1724557080,-4.67545319363369,2.31166217652329,-0.00100288830159946,2.31166217652329,0.00772951281561509,-1.15669119510327E-05
71,1,1724557096,-4.88271573305283,2.21076281803619,-0.00100337735781167,2.21076281803619,0.00773523565514813,-2.5567854881757E-05
72,1,1724557112,-5.01899078426184,1.57145134092411,-0.00100207464739264,1.57145134092411,0.00771273724147209,-4.0870520854666E-05
73,1,1724557129,-5.14550791094263,2.2998965851364,-0.00100265166893155,2.2998965851364,0.00772664760977774,-6.3087225177389E-06
74,1,1724557145,-5.44925976746638,2.04159540815491,-0.00100206804710696,2.04159540815491,0.00771586030682451,-1.86598226108469E-05
75,1,1724557162,-5.3661643711311,1.05008270549876,-0.00100035458364897,1.05008270549876,0.00768615121875137,-4.17128529821178E-05
76,1,1724557178,-5.03474223654681,0.817604235279199,-0.00100324472367219,0.817604235279199,0.0077333061218297,-2.19842513648662E-05
77,1,1724557196,-4.48270069311672,-0.35358639944944,-0.00100305752612502,-0.35358639944944,0.00773199872847597,-1.16267207845684E-05
78,1,1724557213,-3.63323312859362,1.72286077555527,-0.00100274471469705,1.72286077555527,0.0077270220690497,-1.29195523670641E-05
79,1,1724557229,-3.62800523206399,-2.74786671920035,-0.00100359155191369,-2.74786671920035,0.0077373862419624,-2.96264884722533E-05
80,1,1724557246,-3.02558542369444,-2.98720627590906,-0.00100314159282517,-2.98720627590906,0.00773101074527244,-2.7528147982394E-05
81,1,1724557262,-3.49356955813524,1.57940013444474,-0.0010040430156943,1.57940013444474,0.0077463858593138,-1.58339898614868E-05
82,1,1724557278,-3.34814401992968,1.22827790518446,-0.000995604646896856,1.22827790518446,0.00760530271839156,-7.99947857804142E-05
83,1,1724557294,-3.03344746999823,1.32887201341366,-0.00100347554445164,1.32887201341366,0.00773546755136973,-3.03071077690207E-05
84,1,1724557311,-2.48803064819069,0.495183766276721,-0.00100292728714559,0.495183766276721,0.00773088412712298,-6.31622164245251E-06
85,1,1724557327,-1.6416128817145,0.922314240831487,-0.00100285353681312,0.922314240831487,0.00772817346522572,-1.84819616010781E-05
86,1,1724557343,-0.82884444755333,0.444278518652534,-0.00100283102422204,0.444278518652534,0.00772755203471179,-2.07338889616602E-05
87,1,1724557360,0.213072440772706,0.316095318137553,-0.00100364088157674,0.316095318137553,0.00773934005403932,-2.21401021917778E-05
88,1,1724557376,1.24002443298257,-0.761132266096072,-0.00100281407035738,-0.761132266096072,0.00772967438482975,-2.50038589472832E-06
89,1,1724557392,1.52616341804729,-2.28348285280714,-0.00100272433091805,-2.28348285280714,0.00772467263037854,-2.6506242132999E-05
90,1,1724557408,-0.449341473294107,3.13476163333794,-0.00100229785079926,3.13476163333794,0.00771959359511454,-1.64480605148572E-05
91,1,1724557425,-2.18968888000318,-2.69255040975801,-0.00100376320785718,-2.69255040975801,0.00774020018234202,-2.82539940901912E-05
92,1,1724560838,-0.000237854535078271,0.0210992345482808,-0.00100206948472149,0.0210992345482808,0.00771633353044433,-1.51537590070244E-05
93,1,1724560846,-0.000274436300550028,0.0241571843866123,-0.00100208582191384,0.0241571843866123,0.00771658487689531,-1.5121912747907E-05
94,1,1724560855,-0.00941857418157512,0.951147599442578,-0.00100340496738837,0.951147599442578,0.00773538453264765,-2.38544064035194E-05
95,1,1724560873,-0.00489578705349757,2.90201220473297,-0.00100372824306717,2.90201220473297,0.00774136991384228,-1.7285144727041E-05
96,1,1724560893,-2.77163201788864,2.41679181760498,-0.00100349893978327,2.41679181760498,0.00773674556139688,-2.1105878682822E-05
97,1,1724560912,-2.84029430573242,1.38298980414929,-0.00100237269961688,1.38298980414929,0.00772057870929628,-1.78732553722853E-05
98,1,1724560930,-3.15467657063304,1.77163249361545,-0.00100312801673173,1.77163249361545,0.00773446311770021,-2.27567419223945E-06
99,1,1724560948,-4.39581698353776,2.52534197720606,-0.00100265191573158,2.52534197720606,0.00772409496289035,-2.09292034479014E-05
100,1,1724560969,-5.72801089155725,2.4470251782631,-0.0010032430034831,2.4470251782631,0.00773386460438915,-1.82967968918152E-05
101,1,1724560987,-6.59108810664001,2.44712600842549,-0.00100355409742494,2.44712600842549,0.00773779806811256,-2.453432128588E-05
102,1,1724561005,-6.73665888019916,-2.66314450587814,-0.00100388017015122,-2.66314450587814,0.00774220534812839,-2.66343236258921E-05
103,1,1724561023,-6.21468899220108,-2.79579598184311,-0.00100281711133046,-2.79579598184311,0.00772833638531096,-1.20793334097704E-05
104,1,1724561040,-7.12811630120031,-2.46877130126595,-0.0010036925820687,-2.46877130126595,0.00773770284580284,-3.21333675792715E-05
105,1,1724561059,-8.3452549339883,-2.52973952991211,-0.00100398954516238,-2.52973952991211,0.00774420390401806,-2.49214915895752E-05
106,1,1724561078,-9.36658277535957,-2.28853732787064,-0.00100329478110269,-2.28853732787064,0.00773214188644525,-3.43625493756201E-05
107,1,1724561096,-9.69386790714135,-1.43123655650363,-0.00100358724870079,-1.43123655650363,0.00773960383580119,-1.50527336454989E-05
108,1,1724561114,-9.81169360239382,-2.41155674268834,-0.00100284420072955,-2.41155674268834,0.00772772866125918,-1.74942096986616E-05
109,1,1724561133,-10.3678668968465,-2.51987814022434,-0.00100304847745859,-2.51987814022434,0.00773033044721115,-1.75980091992425E-05
110,1,1724561150,-10.8762071290035,-2.5962902962307,-0.00100278621311748,-2.5962902962307,0.00772430650401808,-3.55383725164378E-05
111,1,1724561168,-11.4550098853735,2.50042083036689,-0.00100220559409977,2.50042083036689,0.00771626374768605,-3.44486397484917E-05
112,1,1724561186,-11.9450758866592,1.87246335042286,-0.00100021449677851,1.87246335042286,0.00768157279520245,-4.75802278006789E-05
113,1,1724561204,-11.7398019415784,1.04678250846568,-0.00100338730935856,1.04678250846568,0.0077366888990676,-1.40393271236064E-05
114,1,1724561223,-10.8751630864137,0.906134899330903,-0.00100339527169485,0.906134899330903,0.00773742755639843,-8.88547516707532E-06
115,1,1724561240,-10.6398587363215,0.540659188680552,-0.00100256361053639,0.540659188680552,0.00772485958520122,-9.24668798476179E-06
116,1,1724561257,-10.2674281662025,0.198435118799661,-0.00100251858550281,0.198435118799661,0.0077218944537251,-2.4015799374316E-05
117,1,1724561275,-9.83496368233466,-0.178442434534057,-0.00100245345140008,-0.178442434534057,0.00772014488700066,-2.98211944286683E-05
118,2,1724562471,-0.00010469707256343698,0.00948767897348659,-0.0010020079603468637,0.00948767897348659,0.007715382087622094,-1.5306585796484107e-05
119,2,1724562614,-0.00039598685057325254,0.06753265115947328,-0.0010014092395755694,0.06753265115947328,0.007701469119662247,-1.4234375895081786e-05
120,2,1724562634,1.4684378376417353,0.16183239958932005,-0.001003493235257412,0.16183239958932005,0.007738878254592255,-1.0203532007216294e-05
121,2,1724562653,2.952229094656921,0.34443737931417506,-0.0010034189854715332,0.34443737931417506,0.007735050993750183,-2.8175560821411128e-05
122,2,1724562673,3.736599633156811,0.3297621208272305,-0.0010039474509359082,0.3297621208272305,0.007741159642003118,-4.078558712029892e-05
123,2,1724562691,3.9681387322473594,-0.4164352982391625,-0.001003987658879272,-0.4164352982391625,0.007746014795161657,-1.2171743976576042e-05
124,2,1724562709,3.983273435560613,-0.7622540671085222,-0.0010024007841386712,-0.7622540671085222,0.007723610970126419,-1.2033756340292024e-06
125,2,1724562727,3.998313366132961,-1.282332520140753,-0.0010030661674462586,-1.282332520140753,0.0077273527434450475,-4.325285015556127e-05
126,2,1724562745,3.9979583302667243,-1.9488451482585951,-0.0010032618566669232,-1.9488451482585951,0.007733305219175254,-2.3750672335593006e-05
127,2,1724562765,3.5408797081222234,-2.455522317934341,-0.0010042311658101238,-2.455522317934341,0.007746059463809208,-3.537434611841406e-05
128,2,1724562785,3.1760747290141866,-2.190137907427961,-0.0010032046417567594,-2.190137907427961,0.00773138400560251,-3.069683603322384e-05
129,2,1724562803,2.9497215074616623,-2.2719067942453752,-0.0010030076273340564,-2.2719067942453752,0.007727579179217327,-3.737886945558964e-05
130,2,1724562822,2.452761478106483,-2.3036499922254334,-0.001002168943210962,-2.3036499922254334,0.007717311199510112,-1.9097218184079487e-05
131,2,1724562842,1.8750216740288599,-2.6137447417160025,-0.0010038251602312483,-2.6137447417160025,0.007741145899405004,-2.8008118777555747e-05
132,2,1724562862,1.112694618218631,-2.8911083789833953,-0.0010029298822090138,-2.8911083789833953,0.007726498226702764,-3.559349921360693e-05
133,2,1724562882,0.42878952764372613,-2.2953298655693994,-0.0010021261225532756,-2.2953298655693994,0.007716963698119173,-1.70999149423431e-05
134,2,1724562902,0.05654635452525149,-1.8389321295999548,-0.001002447060847761,-1.8389321295999548,0.007721452887175529,-1.9527793994205813e-05
135,2,1724562922,0.030081599583893587,-1.697706664957852,-0.0010020666739807699,-1.697706664957852,0.00771523053834117,-2.3120059319412408e-05
136,2,1724562943,-0.39839533770413554,-2.2708728771218087,-0.0010036634821794788,-2.2708728771218087,0.007737664608143302,-3.4091038306708184e-05
137,2,1724562963,-0.8995307032869407,-2.237521383248158,-0.0010032437772331815,-2.237521383248158,0.007731507140349481,-3.3360165452677884e-05
138,2,1724562980,-1.339327313314412,-2.3660033903623954,-0.0010032294163354709,-2.3660033903623954,0.007731043083030243,-3.4964848990401445e-05
139,2,1724562998,-1.9663265500953522,-2.68141771024243,-0.0010021069047810409,-2.68141771024243,0.0077166774868231425,-1.7002467855521547e-05
140,2,1724563018,-2.748419142811282,2.8258784236158987,-0.0010041059311844507,2.8258784236158987,0.007746015328745543,-2.38735478986486e-05
141,2,1724563037,-3.20611392482309,1.9114739162609233,-0.001002685589232357,1.9114739162609233,0.007727436995448396,-4.58148486041067e-06
142,2,1724563056,-3.652412098114458,2.249339418819713,-0.0010026331358975842,2.249339418819713,0.00772527833176107,-1.375797265351031e-05
143,2,1724563076,-4.357994685992947,2.1893244130080918,-0.001002643785264403,2.1893244130080918,0.007726545330798256,-6.409555404882988e-06
144,2,1724563097,-4.9581225751057225,2.4528532942097665,-0.001002310133771698,2.4528532942097665,0.0077198004820351555,-1.678727516162608e-05
145,2,1724563116,-5.430260320931147,2.4254792497685265,-0.001002844990141024,2.4254792497685265,0.007729949463618925,-3.935052634469453e-06
146,2,1724563136,-5.686757654553545,2.448525984241187,-0.001003751114531548,2.448525984241187,0.007739988106453019,-2.9331459952816954e-05
147,2,1724563158,-5.826029709971425,2.1595500610650142,-0.0010048474032630789,2.1595500610650142,0.007759552839176863,-9.046071791049665e-06
148,2,1724563184,-5.471777102714813,0.5524147737547149,-0.0010027275417576684,0.5524147737547149,0.007727947093407655,-5.58051644609188e-06
149,2,1724563204,-4.47753862268423,0.11953684711242599,-0.0010031771970306393,0.11953684711242599,0.007730593236941725,-3.2948635661162355e-05
150,2,1724563225,-3.504620003896427,0.5712826249897769,-0.0010034337345795862,0.5712826249897769,0.0077342377100041906,-3.442592803996452e-05
151,2,1724563245,-2.6437385768988855,0.749647144590656,-0.0010029700685541716,0.749647144590656,0.007731429260899037,-6.234935619322248e-06
152,2,1724563266,-2.2427966727882076,1.315244819323415,-0.001003555040471029,1.315244819323415,0.007737181182509,-2.721245323077235e-05
153,2,1724563288,-1.700406712805758,0.8938856266775667,-0.0010027609365909698,0.8938856266775667,0.007727546989970509,-1.1038380369662706e-05
154,2,1724563312,-1.0127257033432362,0.7981088517428314,-0.001003151510618614,0.7981088517428314,0.0077305752460991835,-3.143897919296103e-05
155,2,1724563331,-0.6379428024034379,0.7474076574440329,-0.0010041887700983389,0.7474076574440329,0.0077475584745741646,-2.240199013745168e-05
156,2,1724563370,0.30481050158310075,1.1784214095989765,-0.0010021572129972102,1.1784214095989765,0.007717502012507991,-1.657241677818501e-05
157,2,1724674931,-0.0006261695952906056,2.93628606678295,-0.0010022936856573794,2.93628606678295,0.00771964507469385,-1.5745075073625037e-05
158,2,1724674950,-0.1839480348454199,2.912288882024499,-0.001002494452801747,2.912288882024499,0.00772120811462031,-2.6623549862041952e-05
159,2,1724674970,-0.7237706874270329,2.8910264146068076,-0.0010038182992107188,2.8910264146068076,0.00774279722006603,-1.680117586064567e-05
160,2,1724674991,-1.0825201687171573,-2.661633126582029,-0.0010029505386624366,-2.661633126582029,0.007728174073324216,-2.452843639143874e-05
161,2,1724675214,-0.23246243064286606,2.46264772057729,-0.0010032614181339945,2.46264772057729,0.007730707566021946,-4.043528030301723e-05
162,2,1724675233,-0.5994404607429813,3.012984615773346,-0.0010025023657415331,3.012984615773346,0.0077240290449782315,-8.221383157177906e-06
163,2,1724675251,-1.015073564500158,-2.6428631093988706,-0.0010035379343805578,-2.6428631093988706,0.007736834887797786,-2.839572071614172e-05
164,2,1724675270,-1.411598508090403,-3.1186359098348695,-0.001004033835295362,-3.1186359098348695,0.007746565267311905,-1.3567035426471392e-05
165,2,1724675290,-1.8760826307773582,2.6907299030333824,-0.001003997839605121,2.6907299030333824,0.00774209056641833,-3.901027274205526e-05
166,2,1724675308,-2.285457047532104,2.206015692722161,-0.0010024633974023561,2.206015692722161,0.007722164271902764,-1.6651046503624882e-05
167,2,1724675329,-2.2594774450470636,1.1027119174214257,-0.0010024673248622204,1.1027119174214257,0.007721570037181052,-2.1171704124621342e-05
168,2,1724675347,-2.085176491259701,1.3100788403563628,-0.0010027875275122472,1.3100788403563628,0.0077287448079118365,-5.9084440761892655e-06
169,2,1724675367,-1.9258091476148806,0.8944494841383047,-0.0010024329934404386,0.8944494841383047,0.007721353975990425,-1.8993620983161603e-05
170,2,1724675386,-1.608418319373299,0.4575925698229643,-0.0010031772044539582,0.4575925698229643,0.007730014035069706,-3.6860315563226655e-05
171,2,1724675406,-1.1553066213327348,-0.0938531642355799,-0.0010035142059844557,-0.0938531642355799,0.007735071079196227,-3.709919532245341e-05
172,2,1724675423,-0.8858570231069103,0.1546011346480739,-0.0010020402483687622,0.1546011346480739,0.007715575286379292,-1.772618421256364e-05
173,2,1724675442,-0.827159803977264,0.1838180642987154,-0.001003928641546671,0.1838180642987154,0.007744045962587686,-1.9930705178982743e-05
174,2,1724675460,-0.4477354953527806,0.7694506328155134,-0.0010035041259501658,0.7694506328155134,0.007736450456100902,-2.8460239464199546e-05
175,2,1724675478,-0.041563288009204565,-0.17064641611375497,-0.001002582998978676,-0.17064641611375497,0.007722371228621244,-2.783325847664364e-05
176,2,1724675496,0.3547195298360738,-0.4658490044567256,-0.0010038437638381671,-0.4658490044567256,0.007742824968196966,-1.9285364164809892e-05
177,2,1724675513,1.1133028727037273,-0.15444184571904565,-0.0010023686544711162,-0.15444184571904565,0.007721215414519895,-1.3385443759380689e-05
178,2,1724675530,1.9561667992227816,-0.28889349931020536,-0.001003260467666349,-0.28889349931020536,0.00773406037639304,-1.893379187254794e-05
179,2,1724675548,2.7511544157852623,-0.47787593267576634,-0.0010025767680588334,-0.47787593267576634,0.007723822523212879,-1.5959254592196555e-05
180,2,1724675565,3.294390683133308,-1.4713202672813035,-0.0010033728469394723,-1.4713202672813035,0.0077323572648707204,-4.112440902886562e-05
181,2,1724675583,3.2521819581891345,-1.5569162133185395,-0.001003505520718432,-1.5569162133185395,0.007738570863488057,-1.339036101530646e-05
182,2,1724675600,3.271032895064585,-1.7401847316717292,-0.0010026840949012295,-1.7401847316717292,0.0077269483243676135,-7.613150652844348e-06
183,2,1724675619,2.951615159295451,-2.63286400377557,-0.0010037203822344382,-2.63286400377557,0.007739221990416947,-3.110888682902309e-05
184,2,1724675637,2.5350225879463832,-2.536079462751185,-0.0010032108454475774,-2.536079462751185,0.007730595041206778,-3.589409424576299e-05
185,2,1724679814,-0.7012140309999544,-2.4071777449695344,-0.001002692544214593,-2.4071777449695344,0.007725351637393398,-1.884373115444157e-05
186,2,1724679836,-0.9574971182927069,-3.048206090082397,-0.0010020365961719672,-3.048206090082397,0.00771559969855809,-1.7276975884083807e-05
187,2,1724679857,-1.8288296764991252,-2.9438332086490635,-0.0010038502687785313,-2.9438332086490635,0.007743948222491973,-1.1911348618228708e-05
188,2,1724679880,-2.928288562881388,2.9536611454847543,-0.0010033769091375155,2.9536611454847543,0.0077336767785687495,-3.252672572071781e-05
189,2,1724679902,-3.7410122204791043,3.0611435121085244,-0.0010039714839262422,3.0611435121085244,0.007744540939774336,-2.0527597835494148e-05
190,2,1724679925,-3.9754188336384786,-1.9639404084151908,-0.0010028799060271334,-1.9639404084151908,0.0077274148274309815,-2.3740975063037717e-05
191,2,1724680218,-2.6590509001559095,2.9499019901227648,-0.0010030145945662296,2.9499019901227648,0.0077328861945198364,-1.067151050969576e-06
192,2,1724680236,-3.0517485955867327,-2.976990951434917,-0.0010038995899874226,-2.976990951434917,0.007742970633560745,-2.398304650810385e-05
193,2,1724680255,-3.7188222210722985,2.781450608026457,-0.0010036961923709717,2.781450608026457,0.007738404110405161,-3.325605889736988e-05
194,2,1724680274,-4.494472412800097,-2.5939333254974035,-0.001003063940773482,-2.5939333254974035,0.007731168624635371,-1.8120643673236205e-05
195,2,1724680294,-5.118734734536033,-2.32822217139202,-0.001003483244689303,-2.32822217139202,0.007735333185127011,-3.244861923491517e-05
196,2,1724680314,-5.5526146514474854,-2.4437765241221654,-0.0010036430428621845,-2.4437765241221654,0.007739487359305304,-2.1369980620951203e-05
197,2,1724680334,-5.577766140039977,-1.0217379296846907,-0.001003222421653835,-1.0217379296846907,0.007730691010956281,-3.645421395719273e-05
198,2,1724680352,-5.354517626616712,-1.6839751890726071,-0.0010028475937022586,-1.6839751890726071,0.0077253975485152525,-3.443735556906002e-05
199,2,1724680372,-5.642806717344215,-2.8215964924995,-0.0010020896524620126,-2.8215964924995,0.007717063618134543,-1.2856574463690669e-05
200,2,1724680391,-6.1944965491923805,2.5684840238951256,-0.0010033605036667073,2.5684840238951256,0.0077328589843245685,-3.601098993219867e-05
201,2,1724680409,-6.592350361615185,2.2290823692648996,-0.0010027640828281503,2.2290823692648996,0.00772728260951233,-1.2967625923187058e-05
202,2,1724680428,-7.035684392755075,2.226357548695506,-0.0010041191282132884,2.226357548695506,0.007746893983234466,-2.0757790591428286e-05
203,2,1724680447,-7.6305915365509955,2.245517866823412,-0.0010023698391615314,2.245517866823412,0.00772004556088866,-2.1335773936561476e-05
204,2,1724680466,-8.095203609611639,2.1704241204635633,-0.0010037329390006691,2.1704241204635633,0.007740232259012778,-2.5279849833356945e-05
205,3,1724682950,-0.0007620582951911939,0.0610458748578556,-0.001002660432482115,0.0610458748578556,0.007725358892764971,-1.453068216082746e-05
206,3,1724682990,-0.0010020901990117712,0.07724049356886205,-0.0010027188257511095,0.07724049356886205,0.007726225268106141,-1.4718489431042642e-05
207,3,1724683218,5.487263559174037,0.7504081385205693,-0.0010036846055002727,0.7504081385205693,0.007741740941343362,-9.617330933227549e-06
208,3,1724683236,5.510600370910933,0.7610339202736539,-0.0010040322697411307,0.7610339202736539,0.007743132811321639,-3.499160892368798e-05
209,3,1724683245,5.520913621349862,0.8258846135856085,-0.0010041066647096322,0.8258846135856085,0.007745448538937678,-2.7321961187317776e-05
210,3,1724683253,5.529870088176161,0.9011950514891804,-0.0010039167000964952,0.9011950514891804,0.007745772399120042,-6.433396286653646e-06
211,3,1724683271,5.664130859747362,1.0715799189652977,-0.0010035244867497017,1.0715799189652977,0.007736858146989964,-2.540701340897853e-05
212,3,1724683291,5.725627402779918,1.3193295300657653,-0.0010034922564491795,1.3193295300657653,0.0077375572374318875,-1.8089681145633504e-05
213,3,1724683310,5.785093045090045,1.9041441937991868,-0.0010038570672199175,1.9041441937991868,0.007744734668268233,-7.308766772485905e-06
214,3,1724683329,5.590269612460321,2.0098601461705172,-0.0010028451852774067,2.0098601461705172,0.007728836855956363,-1.2290820343944193e-05
215,3,1724683347,5.394606468364672,1.9361338295966888,-0.0010029766157837496,1.9361338295966888,0.007731855396586312,-3.8407036994460606e-06
216,3,1724683366,5.430904250649264,1.342988194489782,-0.001002077881142406,1.342988194489782,0.007714006681657762,-3.0187960238741095e-05
217,3,1724683384,5.375057237723211,2.360787730570112,-0.0010034004695302842,2.360787730570112,0.007734406829091798,-2.932270620599907e-05
218,3,1724683403,4.226696767913077,2.5977897884714762,-0.001002778100729143,2.5977897884714762,0.007726505003570098,-1.8802336013357123e-05
219,3,1724683423,4.022094532125256,1.4802371746689242,-0.001003035761727774,1.4802371746689242,0.007731735992007976,-9.776851999821627e-06
220,3,1724683442,3.6097772888334174,1.6378841512924662,-0.0010027473762675744,1.6378841512924662,0.007726686653273079,-1.5338029250151717e-05
221,3,1724683461,3.6661139658534188,1.2654280116117798,-0.0010031574043578156,1.2654280116117798,0.00773185977840425,-2.2228392246163123e-05
222,3,1724683479,3.1312996797543997,1.9275606383774466,-0.0010027191552639848,1.9275606383774466,0.007726279278943317,-1.4116970496189803e-05
223,3,1724683498,5.5704715540513945,-1.5571950696380372,-0.0010035321213635942,-1.5571950696380372,0.00774040661548911,-3.799460639197534e-06
224,3,1724683517,5.990055305804255,-1.7319743936964827,-0.0010039314739997592,-1.7319743936964827,0.007744825208265115,-1.5063840279138462e-05
225,3,1724683537,3.374270702481688,-2.016014436458111,-0.0010030692620533951,-2.016014436458111,0.00773031386532421,-2.169942955357811e-05
226,3,1724683556,0.4712772249154392,-2.2890843144527246,-0.0010031254428303701,-2.2890843144527246,0.007733011381388509,-1.0622530056546773e-05
227,3,1724683575,-1.2502358443846997,1.8095758533357682,-0.0010038255437911786,1.8095758533357682,0.007744205272850048,-8.893220919446083e-06
228,3,1724683594,1.6873969270102793,-0.75650113746088,-0.0010045466363153288,-0.75650113746088,0.007752798822684864,-2.7860067873069643e-05
229,3,1724683687,-3.297361162874618,2.6046186869121426,-0.001003953418873188,2.6046186869121426,0.007744850597674708,-1.615002085850355e-05
230,3,1724683706,-7.831342969123415,2.58210763521944,-0.0010037759757227128,2.58210763521944,0.00774140295074167,-2.0387489412589905e-05
231,3,1724683726,-10.600427050143296,2.582340621016241,-0.0010030971931176136,2.582340621016241,0.007730988675349848,-2.11243365694807e-05
232,3,1724683745,-11.924465068572912,2.582385413721369,-0.001003146365563659,2.582385413721369,0.007734199987502488,-4.980292473315918e-06
233,3,1724683764,-12.461247436257096,2.4295515525884266,-0.0010033868121795547,2.4295515525884266,0.007734921118599422,-2.463727701845061e-05
234,3,1724683782,-12.423129773282048,2.6010699331979703,-0.001003853712943828,2.6010699331979703,0.007741432901939341,-2.853204342215828e-05
235,3,1724683801,-12.167418415186695,2.7209187380546753,-0.0010032045198687042,2.7209187380546753,0.007732605372994422,-2.2116902313998184e-05
236,3,1724683821,-12.512789314163303,2.23529943788777,-0.0010041520519383298,2.23529943788777,0.007745653278429478,-3.0376234033952843e-05
237,3,1724683840,-12.884495211142246,1.5545431185039587,-0.0010033015684301413,1.5545431185039587,0.007735166229131127,-1.022726918791827e-05
238,3,1724683859,-12.648750296616253,1.014941937493953,-0.0010036698322904575,1.014941937493953,0.007739082929463389,-2.6323972815422624e-05
239,3,1724683878,-12.148366593397363,0.8798585746605143,-0.0010026623151818508,0.8798585746605143,0.007724995252354532,-1.7209667393824034e-05
240,3,1724683898,-9.820439046507108,1.0825545811214898,-0.001003505708333987,1.0825545811214898,0.00773707371808117,-2.0157281326851372e-05
241,3,1724684053,-2.342349318613594,-1.6094893662680814,-0.0010033145822373885,-1.6094893662680814,0.0077335945974797175,-2.580533739894169e-05
242,3,1724684070,-2.3650923285713192,-1.8535914370754112,-0.0010043479427602302,-1.8535914370754112,0.00775157439990624,-1.1423317616419065e-05
243,3,1724684085,-2.405290230300429,-1.7163377214189783,-0.001003135694243356,-1.7163377214189783,0.0077313928954088505,-2.242968321578408e-05
244,3,1724684100,-2.4382350093331797,-1.6929322693626072,-0.001003650026219858,-1.6929322693626072,0.00774172165946225,-5.976552550225233e-06
245,3,1724684115,-2.574880393405035,-1.6957259879803077,-0.0010039252542067313,-1.6957259879803077,0.00774291127787154,-2.6070789580651153e-05
246,3,1724684130,-2.4920271782653134,-1.1971101094481396,-0.0010036293070165812,-1.1971101094481396,0.0077406623237880725,-1.205531107666965e-05
247,3,1724684144,-2.2960114655013864,-1.8080821151890676,-0.0010039946135521512,-1.8080821151890676,0.007743241470375124,-3.330912481864394e-05
248,3,1724684158,-2.388630430040086,-1.3843043443276524,-0.001002677237024227,-1.3843043443276524,0.007725013912444367,-1.8552451669114563e-05
249,3,1724684172,-2.776672582991645,-2.9928028225730343,-0.0010036364974067395,-2.9928028225730343,0.0077380778796064505,-2.8642838815231228e-05
250,3,1724684186,-3.5513705475831707,1.9134094483724517,-0.001002895350273876,1.9134094483724517,0.007727966601572662,-2.0888322984185425e-05
251,3,1724684201,-3.7994266084453088,1.903802026598585,-0.0010039312595574931,1.903802026598585,0.007745722029434987,-8.072523405098585e-06
252,3,1724684215,-3.9356776145363668,2.141089073934639,-0.0010038728734442781,2.141089073934639,0.007741416748738663,-3.056592986328483e-05
253,3,1724684229,-3.9309348542157267,2.0786446844641513,-0.0010040607469268062,2.0786446844641513,0.00774651422548327,-1.588966318394405e-05
254,3,1724684243,-4.023069023678826,2.0877663954611223,-0.0010034148032333073,2.0877663954611223,0.0077379305145876,-7.576324639799157e-06
255,3,1724684257,-4.0897831655696635,2.130730864947538,-0.0010042569082396383,2.130730864947538,0.0077456650949323394,-4.093859772747168e-05
256,3,1724684272,-4.0940408596536715,2.0344832709378027,-0.0010040664251637459,2.0344832709378027,0.007743109607817872,-3.858287954912044e-05
257,3,1724684286,-4.271043136880163,1.9972260526745456,-0.0010038758740818256,1.9972260526745456,0.007743800603960071,-1.69463189055188e-05
258,3,1724684300,-4.364696119566274,1.7848033532370056,-0.0010026061968519857,1.7848033532370056,0.007725055836178085,-1.12496305999718e-05
259,3,1724684315,-4.381490519958313,1.403810598370069,-0.0010028373130314162,1.403810598370069,0.007727206436748842,-2.0152027828853116e-05
260,3,1724684514,-4.550824768928425,2.9615176820892235,-0.0009962751016108287,2.9615176820892235,0.007634428635926681,-8.260938858998714e-06
261,3,1724684540,-8.362692832755723,3.050102801650177,-0.0009965387089251668,3.050102801650177,0.007639091395569172,-3.2999494562861123e-06
262,3,1724684561,-13.307974132649214,2.297079339656783,-0.0009956847457726903,2.297079339656783,0.007625664553521013,-6.841817414728355e-06
263,3,1724684582,-12.359664713026797,0.22867899841940675,-0.0009963097036663655,0.22867899841940675,0.007635585841827066,-3.9882482198870695e-06
264,3,1724684603,-8.23252861456629,-0.4732991274173776,-0.0009960337967420685,-0.4732991274173776,0.00763248090742264,3.0161144486343266e-06
265,3,1724685118,-0.010653692560867994,0.07672277264906824,-0.0010028195849741302,0.07672277264906824,0.007727264697736298,-1.818312001705068e-05
266,3,1724685126,-0.019344157481214798,0.0900898895582957,-0.0010033332435313916,0.0900898895582957,0.007734149272433475,-2.415099072411202e-05
267,3,1724685133,-0.02992927574086975,0.10414837735342554,-0.0010041017307735947,0.10414837735342554,0.007745159322621528,-2.872316801566222e-05
268,3,1724685141,0.12538021190631438,0.12405155907462075,-0.0010035719874589323,0.12405155907462075,0.007740472001675109,-6.539469866579939e-06
269,3,1724685149,0.34574245990737823,0.1486933074939679,-0.001003805629009931,0.1486933074939679,0.007741758100483907,-2.286020885849352e-05
270,3,1724685157,0.5786603723552431,0.15603303999994997,-0.0010036828855713095,0.15603303999994997,0.0077394764618830955,-2.4167336554798757e-05
271,3,1724685170,1.0365064419820462,0.04825540568036335,-0.0010036995040766244,0.04825540568036335,0.007739692540674779,-2.4398024174532292e-05
272,3,1724685186,1.7303944805298368,-0.016992022841495636,-0.001002951538411432,-0.016992022841495636,0.007730411373000091,-1.0452062303033923e-05
273,3,1724685201,2.4117011976776634,-0.11366376815688077,-0.0010042376022622417,-0.11366376815688077,0.007749661105727638,-1.2899609226400849e-05
274,3,1724685217,3.0645156766687016,-0.187345400887585,-0.0010030676720603551,-0.187345400887585,0.007730524273940458,-2.1306785188049794e-05
275,3,1724685230,3.673301317706724,0.008072475916109184,-0.0010027876553239355,0.008072475916109184,0.007727270376211946,-1.4760474440323092e-05
276,3,1724685244,4.28047601656306,0.34112302020885255,-0.0010036628876618978,0.34112302020885255,0.007742574369839248,-1.5731616701419177e-06
277,3,1724685261,4.980547594815978,0.11297151225281132,-0.0010026371755820496,0.11297151225281132,0.007724454927888868,-1.8294069953715426e-05
278,3,1724685275,5.601097520842555,0.18506476772663286,-0.0010027643795710306,0.18506476772663286,0.007727442075776808,-1.1306106705998488e-05
279,3,1724685289,6.177484708579433,-0.2600659835068299,-0.0010025882119659123,-0.2600659835068299,0.007724055429964948,-1.8482881239398863e-05
280,3,1724685302,6.750740835570548,-0.15337054787500443,-0.0010050018277382201,-0.15337054787500443,0.007760373950739264,-1.689532718088563e-05
281,3,1724685316,7.346459323061212,-0.03806963508240383,-0.0010041579214126704,-0.03806963508240383,0.007748443537465401,-1.2942153669965984e-05
282,3,1724685331,7.980476764039864,-0.06447215832026408,-0.0010041371729574908,-0.06447215832026408,0.007747272443832058,-1.5798014495535736e-05
283,3,1724685345,8.589603072433798,-0.10236609759105139,-0.0010037390507630362,-0.10236609759105139,0.007740151583462093,-2.662519587512844e-05
284,3,1724685360,9.221565808403234,-0.17988427086047062,-0.0010036638095328732,-0.17988427086047062,0.007740913138934819,-1.400279761256644e-05
285,3,1724685374,9.796524483083774,0.31688616526497915,-0.0010027272917873808,0.31688616526497915,0.007725706368567926,-1.9046154967283147e-05
286,3,1724685388,10.386175655742168,0.10477458126878775,-0.0010030375802198808,0.10477458126878775,0.007732810426869518,-3.622621612359956e-06
287,3,1724685403,10.934084993980461,0.7393537352308167,-0.0010027318572352513,0.7393537352308167,0.00772660209794211,-1.5144242651149932e-05
288,3,1724685418,11.74067876436391,0.3812640351769458,-0.0010041567376060864,0.3812640351769458,0.007746880415673119,-2.2772066606499167e-05
289,3,1724685432,12.418946108714717,-0.4297601714135983,-0.0010033820834242507,-0.4297601714135983,0.007734197624241959,-2.8867045472855434e-05
290,3,1724685446,12.96010639032613,-0.09389440546888811,-0.0010029933269341887,-0.09389440546888811,0.007730719959981186,-1.2934976518377367e-05
291,3,1724685459,13.610877900382297,0.07906992325294615,-0.0010043972680081788,0.07906992325294615,0.0077514924353115,-1.6871560268740762e-05
292,3,1724685473,14.100493129865344,-0.117433007720881,-0.0010039490932707631,-0.117433007720881,0.007742132255987134,-3.327222158384564e-05
293,3,1724685487,14.601740358084845,-0.1780799417393663,-0.0010036769371672312,-0.1780799417393663,0.0077386911359499325,-2.872901065486096e-05
294,3,1724685501,15.082550790192764,-0.26707925678420225,-0.0010029766309929897,-0.26707925678420225,0.007730257303740385,-1.3982882691807758e-05
295,3,1724685515,15.500238292980402,-0.6926675550915126,-0.0010034442332313154,-0.6926675550915126,0.007738398361750297,-7.4071972630390295e-06
296,3,1724685529,15.950845110560032,0.06952430515861166,-0.0010024305490957154,0.06952430515861166,0.0077212740329222805,-1.9899448686894012e-05
297,3,1724685543,16.471444646164947,0.056635643998440066,-0.0010031780856548135,0.056635643998440066,0.00773228412489992,-2.0458405249497943e-05
298,3,1724685557,16.957534362526584,-0.5158796899744957,-0.0010036245064203898,-0.5158796899744957,0.007739675036374508,-1.7431173220086925e-05
299,3,1724685571,17.42007911298309,-0.09766042705221312,-0.001003255353562757,-0.09766042705221312,0.007733478088190147,-2.1911012279649707e-05
300,3,1724685585,17.891197880611372,-0.1527323214363602,-0.0010031524186115554,-0.1527323214363602,0.007731907427938119,-2.0662594477607088e-05
301,3,1724685598,18.34856896100807,0.43100393769693945,-0.0010032766840183324,0.43100393769693945,0.007736332554603678,-4.295374025242988e-06
302,3,1724685614,18.880326538090017,0.2527385281666189,-0.0010043263712350356,0.2527385281666189,0.007750804380778666,-1.204501387992252e-05
303,3,1724685628,19.38021277998344,-0.008906358334976206,-0.0010031226142657376,-0.008906358334976206,0.007733477090366137,-7.753093343555375e-06
304,3,1724685641,19.821073646759704,-0.3293399934520962,-0.001003805061102956,-0.3293399934520962,0.007741277450541633,-2.4497698904270808e-05
305,3,1724685655,20.388519836250822,-0.44824124268920884,-0.0010031374823620196,-0.44824124268920884,0.007731493456281406,-2.1898154797372917e-05
306,3,1724685669,20.875710962472706,-0.09449024753138237,-0.0010043982555049506,-0.09449024753138237,0.007750602724287846,-2.277004142234697e-05
307,3,1724685683,21.55779794210992,0.015740775932339354,-0.0010024576514003868,0.015740775932339354,0.007722228243835318,-1.5021696820644928e-05
308,3,1724685696,22.18907482349039,0.08932525800994888,-0.0010031243816445226,0.08932525800994888,0.007733157025276271,-9.672501898945645e-06
309,3,1724685711,22.85389208449108,0.1918955818435061,-0.0010038072401158185,0.1918955818435061,0.007741811906018092,-2.107233087624454e-05
310,3,1724685724,23.501262337604977,0.16907043032059874,-0.0010030128251715016,0.16907043032059874,0.007731021225389365,-1.2541127136608884e-05
311,3,1724685739,24.155304299238498,0.10442919886650873,-0.0010043782435389982,0.10442919886650873,0.007751834944928441,-1.0519478108792872e-05
312,3,1724685752,24.79068700798738,0.12744192514443894,-0.0010030546386739746,0.12744192514443894,0.007732031423211485,-1.0446679663590714e-05
313,3,1724685767,25.4676621727236,-0.07227126823315784,-0.001003698424793767,-0.07227126823315784,0.007739198978483871,-2.748140090464616e-05
314,3,1724685781,26.124215881390587,0.21719537399480976,-0.0010025269273673497,0.21719537399480976,0.007723392232649454,-1.4268021886885155e-05
315,3,1724685796,26.723899911311776,0.71765561629868,-0.001003114274052707,0.71765561629868,0.007732268829509456,-1.4321100693005914e-05
316,3,1724685811,27.351270188522413,0.3263954745448821,-0.0010026741837699804,0.3263954745448821,0.0077251510479308,-1.7390818551009524e-05
317,3,1724685826,27.991953897770717,-0.3894193566862827,-0.001003474198728413,-0.3894193566862827,0.007737480677695153,-1.6243861186778373e-05
318,3,1724685843,28.700854588488905,-0.3986229093048477,-0.001003930034660698,-0.3986229093048477,0.0077430249016712735,-2.9048876948042578e-05
319,3,1724685857,29.317836754890973,-0.5110098232686799,-0.0010025825027490456,-0.5110098232686799,0.007723787590325166,-1.7184834851265694e-05
320,3,1724685871,29.87495771842184,-0.3353514182276358,-0.0010041990064827457,-0.3353514182276358,0.007747389471257835,-2.3968532148015626e-05
321,3,1724685886,30.555183674723256,0.3203300640429522,-0.001002602178853354,0.3203300640429522,0.007725178700042653,-1.2741388474841443e-05
322,3,1724685900,31.18174440696898,-0.09205571037080294,-0.0010027748182582404,-0.09205571037080294,0.007727128859828783,-1.4421303373483242e-05
323,3,1724685915,31.878344924090207,-0.18772149531254745,-0.0010032596874612922,-0.18772149531254745,0.0077343655065169005,-1.556192714567872e-05
324,3,1724685929,32.52238981122874,-0.2726640399012182,-0.0010040193406955986,-0.2726640399012182,0.007744123302795877,-2.712146659427685e-05
325,3,1724685943,33.12990229400431,-0.3475484579006453,-0.001004604756699154,-0.3475484579006453,0.00775535928597386,-1.0155242806932992e-05
326,3,1724685956,33.72516896519597,-0.08613978514481227,-0.001003887157138391,-0.08613978514481227,0.00774168289651961,-3.0444967746451763e-05
327,3,1724685970,34.35181387988401,-0.09829805028185054,-0.0010041389719794916,-0.09829805028185054,0.007744691771992999,-3.5436768644626224e-05
328,3,1724685985,35.0278066236434,-0.14157164061774627,-0.0010018318495634213,-0.14157164061774627,0.007708485343953203,-3.1913920100053776e-05
329,3,1724685998,35.6323122715776,0.510964888304295,-0.0010042830118552823,0.510964888304295,0.007750415696182417,-1.2362514902084467e-05
330,3,1724686012,36.05855425898507,0.8023912089495957,-0.0010037828674620414,0.8023912089495957,0.007743194139342755,-1.0083710114216823e-05
331,3,1724686026,36.26016015801203,1.2968104497591522,-0.001003182535186952,1.2968104497591522,0.00773181517467149,-2.428958506938654e-05
332,3,1724686040,36.369372754363575,1.3213297843199612,-0.0010031943110448936,1.3213297843199612,0.007732716595441272,-1.9518475412443508e-05
333,3,1724686054,36.561435339021585,0.6032804240027915,-0.0010027712123396558,0.6032804240027915,0.00772503148874063,-2.8647904694697238e-05
334,3,1724686067,36.91342471313122,0.3037560438512807,-0.001002761234643542,0.3037560438512807,0.007727454877684811,-1.0930265470519474e-05
335,3,1724686081,37.32372728245832,-0.3942699369804428,-0.0010043392682775182,-0.3942699369804428,0.007751944886554361,-8.59607509170429e-06
336,3,1724686095,37.71885354149593,-0.5611137200007895,-0.0010033183070641445,-0.5611137200007895,0.007737633682070206,1.4796064098383192e-07
337,3,1724686109,37.94431964976529,-1.1348950062432421,-0.0010043063132207791,-1.1348950062432421,0.007751369268259336,-8.1240565038879e-06
338,3,1724686125,38.033641427083886,-1.7217482153227335,-0.0010040747340544429,-1.7217482153227335,0.007746097286636674,-1.995094669643496e-05
339,3,1724686139,38.091804911923504,-1.2057455811200517,-0.0010028117470435166,-1.2057455811200517,0.00772790175408759,-1.4791306660133716e-05
340,3,1724686153,38.39450058881167,0.008104623578016229,-0.0010026336052607124,0.008104623578016229,0.007724642665661663,-1.9597406504797324e-05
341,3,1724686167,38.81445730703778,0.5789125687623725,-0.001003363352271882,0.5789125687623725,0.007734395909273186,-2.5314407926048706e-05
342,3,1724686181,39.31555024966227,0.9562221502339954,-0.0010025282420329518,0.9562221502339954,0.007723148977761185,-1.59661766815907e-05
343,3,1724686195,39.352417380358744,1.2790786601305817,-0.0010035716694378055,1.2790786601305817,0.007740734505945164,-4.659944575960223e-06
344,3,1724686209,39.351943406849,1.2922222837200703,-0.001003181275068446,1.2922222837200703,0.00773563807529907,7.211097692819859e-07
345,3,1724686222,39.72091629472133,-0.9110876612727025,-0.0010027532246330052,-0.9110876612727025,0.00772694962563373,-1.3381937742126898e-05
346,3,1724686239,39.81069413218116,-1.4275681597760261,-0.0010038514445124998,-1.4275681597760261,0.007742361027888705,-2.2551827204803128e-05
347,3,1724686252,39.88871238583379,-1.396374964428791,-0.00100318486603981,-1.396374964428791,0.007730875677868374,-3.136264259046772e-05
348,3,1724686266,39.90946222370975,-1.5007542663895257,-0.0010025982466385815,-1.5007542663895257,0.007724302048475322,-1.541415105892465e-05
349,3,1724686280,39.847716400702275,-1.8275940131624286,-0.0010033584983209533,-1.8275940131624286,0.007736064381958687,-1.3883698149488347e-05
350,3,1724686293,39.711730783061356,-1.8947806510110925,-0.0010039808647047468,-1.8947806510110925,0.007746525676224991,-7.905844456016112e-06
351,3,1724686307,39.525419655832366,-1.9762175515084894,-0.0010040343269104926,-1.9762175515084894,0.007747290826765933,-8.211415022893317e-06
352,3,1724686324,39.258761393363685,-2.0585598234216302,-0.0010044190339406865,-2.0585598234216302,0.007752809194144629,-1.0272283725548221e-05
353,3,1724686338,38.992057222108585,-2.1313761847720962,-0.0010033921689536589,-2.1313761847720962,0.007736969835443533,-1.1677319662641995e-05
354,3,1724686352,38.42639369375919,-2.533579173907099,-0.0010031644096489614,-2.533579173907099,0.007734184612424726,-7.136824242050551e-06
355,3,1724686366,37.69275398844419,-2.732135505505402,-0.00100261097971633,-2.732135505505402,0.007724573506283854,-1.4860488728131588e-05
356,3,1724686379,36.96299597887107,-2.9675850461898983,-0.0010035431537136937,-2.9675850461898983,0.007738572928631322,-1.611626253814961e-05
357,3,1724686394,36.14076504693852,-2.8587608843031984,-0.0010030074367652353,-2.8587608843031984,0.007732001190613659,-6.121228462148858e-06
358,3,1724686407,35.377286005921505,2.8444643204320172,-0.0010031758948516947,2.8444643204320172,0.007733798537702752,-1.0755287727827483e-05
359,3,1724686421,34.615775487702685,2.7752127607513715,-0.0010042337025231093,2.7752127607513715,0.007748111266667896,-2.039526731769187e-05
360,3,1724686435,33.88392881715844,2.384788402265815,-0.0010025922236394855,2.384788402265815,0.007724295507826427,-1.4760397842017291e-05
